x,y,z
1.46,-40.41,-16.30
10.01,-33.14,-17.03
17.82,-25.33,-16.05
17.21,-19.47,-17.15
8.12,-21.30,-19.04
-6.10,-31.92,-17.33
-20.08,-47.61,-10.19
-29.97,-59.14,-2.87
-31.74,-59.02,-0.37
-24.72,-53.89,-1.10
-13.85,-50.11,-3.11
-4.39,-47.36,-4.39
-2.69,-40.41,-5.80
-4.03,-37.41,-7.08
-5.62,-42.91,-5.55
-13.67,-52.49,-2.93
-28.38,-60.00,0.06
-39.43,-66.47,5.00
-39.00,-72.45,9.28
-28.32,-73.55,7.87
-14.40,-66.65,1.34
3.72,-55.54,-6.47
24.41,-42.24,-14.71
38.27,-33.14,-21.97
39.37,-34.06,-25.02
29.66,-39.73,-23.07
12.76,-42.85,-18.55
-1.04,-43.82,-12.15
-4.94,-43.76,-6.41
-0.73,-43.09,-5.92
4.94,-40.59,-8.91
7.81,-36.25,-9.70
7.02,-32.41,-9.03
6.65,-27.59,-7.69
7.45,-23.07,-6.35
8.18,-20.45,-5.80
4.64,-18.01,-5.00
0.73,-16.48,-1.34
-2.44,-12.33,3.48
-4.03,-7.26,5.25
-2.14,-3.66,6.41
2.50,-1.46,9.22
7.08,1.53,10.56
9.46,4.58,10.99
9.89,8.36,11.17
8.48,15.26,10.86
6.41,20.39,11.66
4.09,22.03,12.02
2.14,23.50,11.23
0.61,26.06,12.21
0.85,27.83,14.04
1.89,30.64,15.08
3.30,33.63,14.04
4.27,35.28,13.24
6.16,36.62,14.59
7.39,37.41,15.69
6.53,38.88,16.54
3.60,42.11,16.60
0.79,45.23,16.30
-1.16,47.00,17.03
-3.11,45.78,17.21
-4.52,43.76,17.70
-5.86,44.56,18.55
-7.02,46.39,17.88
-8.85,45.96,16.78
-10.74,46.33,15.93
-11.60,49.44,13.79
-9.34,53.34,11.54
-4.09,55.91,11.54
0.61,57.07,10.80
4.15,56.52,9.09
5.86,55.36,7.57
4.46,51.94,9.64
2.38,49.01,14.04
-1.04,49.80,16.85
-4.27,53.16,17.40
-6.23,56.52,15.75
-5.80,56.21,13.85
-2.62,54.81,13.98
1.83,51.64,15.14
4.76,46.57,13.79
7.39,43.21,10.19
11.17,45.78,6.04
13.06,48.58,5.25
15.08,46.63,6.29
15.87,44.07,7.14
14.47,41.63,7.81
13.00,36.32,8.85
11.05,33.45,10.44
6.59,31.49,10.74
1.65,27.28,10.50
-1.59,22.09,11.47
-0.43,19.53,13.31
4.09,20.20,11.60
8.42,23.13,9.03
12.21,24.96,8.48
16.11,27.16,8.85
18.43,28.26,8.61
19.04,25.88,9.77
14.89,20.57,9.03
7.87,14.65,8.85
3.66,9.52,9.46
1.89,11.11,10.19
3.66,16.05,9.83
10.62,19.84,10.68
18.43,23.01,11.41
24.84,21.48,11.29
27.34,15.56,12.33
23.38,11.54,13.61
16.05,7.87,14.59
7.39,3.54,16.91
-0.06,0.43,15.81
-5.13,-1.71,11.17
-7.87,-2.81,8.79
-8.97,-2.44,7.39
-8.54,-3.23,5.80
-2.75,-3.48,6.35
3.17,-0.31,6.96
8.00,3.05,6.35
11.78,5.74,3.85
11.78,5.55,2.01
11.84,0.92,-0.06
11.84,-5.92,-3.66
8.42,-9.22,-4.52
3.42,-8.85,-3.66
-1.16,-6.84,-3.17
-3.48,-5.37,-4.33
-0.67,-6.77,-4.52
4.70,-8.30,-2.62
7.69,-10.56,-0.37
6.65,-12.94,0.61
4.58,-13.37,0.79
4.33,-12.45,2.44
3.97,-13.85,2.08
5.74,-14.95,-1.28
6.84,-10.99,-1.10
6.53,-8.00,-0.85
4.64,-8.12,-1.65
2.26,-10.74,-1.40
0.00,-13.55,-0.24
0.43,-17.21,-1.22
1.22,-22.40,-4.39
1.83,-27.16,-6.90
3.05,-26.98,-6.10
2.32,-24.23,-4.58
2.26,-23.13,-4.70
4.82,-20.87,-4.88
8.97,-16.24,-5.25
11.60,-15.56,-7.26
6.65,-21.18,-10.56
-2.93,-33.26,-11.05
-11.23,-41.32,-7.39
-14.89,-40.41,-7.26
-15.69,-35.40,-9.64
-17.03,-30.40,-12.82
-15.14,-25.94,-14.89
-10.31,-21.12,-15.75
-7.14,-19.59,-16.91
-7.08,-25.88,-15.93
-9.22,-33.57,-11.17
-16.36,-34.06,-9.09
-28.87,-30.70,-7.69
-39.98,-31.74,-3.91
-41.44,-34.06,-0.43
-28.14,-33.51,-1.53
-8.36,-30.88,-7.02
7.26,-31.43,-12.15
16.11,-35.22,-13.73
18.13,-40.16,-14.95
13.85,-44.37,-15.38
3.05,-50.42,-11.66
-8.24,-54.81,-9.16
-14.28,-52.55,-7.32
-12.70,-47.12,-4.21
-4.94,-43.03,-2.81
3.05,-42.66,-6.04
8.91,-45.04,-8.30
13.06,-48.89,-7.02
11.66,-50.11,-5.80
5.19,-50.48,-3.66
-0.55,-52.37,-0.06
-2.20,-47.42,1.40
-2.69,-40.10,-0.49
-4.39,-38.21,-2.26
-8.18,-40.28,-1.53
-13.55,-42.11,-1.34
-12.57,-44.98,-1.83
-4.03,-49.32,-3.17
5.25,-52.98,-6.04
13.43,-55.85,-7.93
18.07,-53.65,-8.73
19.47,-49.01,-11.05
16.91,-49.19,-13.92
12.15,-48.65,-15.69
7.51,-41.14,-16.11
7.02,-36.56,-13.67
10.99,-37.11,-8.67
14.40,-36.62,-10.13
17.03,-36.56,-13.31
19.29,-36.74,-10.68
18.13,-38.64,-7.75
13.31,-43.03,-6.96
5.55,-44.19,-5.37
-0.06,-39.06,-3.78
-0.61,-31.19,-2.56
1.77,-27.22,-2.87
4.88,-27.40,-4.52
6.71,-28.20,-4.70
5.92,-26.18,-4.33
0.43,-23.44,-2.69
-5.86,-24.54,0.85
-10.93,-24.48,3.11
-12.39,-22.77,4.46
-9.89,-23.07,5.86
-6.29,-20.02,6.10
-2.75,-11.47,4.88
-1.34,-5.37,4.27
-1.40,-5.62,3.85
-2.75,-6.35,3.17
-4.70,-5.68,3.23
-6.96,-5.49,3.05
-8.79,-4.70,2.38
-9.70,-2.99,3.97
-8.00,-2.32,6.04
-3.66,-2.08,5.62
1.22,0.92,4.46
3.72,5.62,3.85
3.11,10.62,3.30
1.10,13.00,4.46
-1.04,13.18,6.47
-3.17,13.92,7.93
-5.13,15.08,9.95
-5.98,15.93,13.37
-5.19,17.64,15.26
-3.11,20.75,14.47
-0.73,24.17,13.67
-0.85,27.71,12.94
-2.44,30.52,13.67
-3.72,32.23,15.38
-5.43,32.71,15.44
-5.13,31.49,16.72
-3.60,32.17,18.80
-2.20,33.20,18.43
-1.40,32.47,18.98
-1.65,32.65,20.14
-1.10,32.71,20.39
0.92,30.82,22.22
4.21,27.10,25.02
8.54,24.54,28.99
10.99,23.74,34.18
11.35,26.49,37.84
8.30,29.05,38.57
2.99,31.13,32.29
0.37,34.61,22.58
1.10,42.11,19.35
3.23,47.97,18.25
4.21,51.51,16.72
2.20,52.37,14.89
-0.49,49.32,15.99
-3.11,47.36,19.53
-6.23,48.34,22.03
-10.74,49.87,21.00
-15.08,49.32,18.43
-18.01,49.56,17.64
-18.74,52.49,18.37
-18.55,56.58,17.40
-18.68,56.09,15.38
-18.31,54.38,14.71
-16.97,55.48,14.89
-13.98,54.20,14.59
-9.34,48.95,15.32
-4.76,46.02,13.43
-1.65,46.94,10.93
-1.22,48.58,11.17
-4.33,48.83,10.19
-8.18,47.73,10.50
-12.15,45.47,13.31
-16.17,43.40,15.01
-19.90,42.97,16.66
-24.29,43.27,16.36
-26.06,43.15,13.79
-24.29,44.31,12.08
-20.75,44.31,11.05
-16.05,44.19,10.13
-9.95,45.10,9.22
-3.85,45.10,9.40
0.12,45.17,9.52
2.20,43.09,8.61
3.05,40.41,8.30
3.72,39.25,9.95
2.26,37.84,9.77
0.55,36.80,7.45
-1.77,37.84,6.84
-3.91,38.21,7.45
-4.15,37.66,8.79
-2.26,36.13,8.91
0.43,33.39,8.67
3.05,32.59,9.95
3.72,31.49,9.34
2.87,28.93,7.81
1.34,28.08,7.08
-0.55,27.89,7.26
-0.67,24.17,7.75
-0.73,21.55,7.93
-0.18,22.28,7.93
2.38,20.20,8.06
7.45,15.75,7.08
10.80,12.45,3.91
10.62,7.45,0.24
5.43,0.61,-0.31
-3.05,-1.53,2.62
-10.13,2.14,5.43
-12.02,6.84,5.86
-9.52,7.08,4.46
-5.86,6.04,2.32
-3.17,6.47,1.65
-1.95,5.00,1.53
-1.34,1.40,-0.06
-0.85,-1.77,-0.55
-1.77,-1.16,-0.24
-3.36,-1.71,-1.83
-3.97,-3.85,-2.69
-5.49,-2.81,-1.83
-6.35,-3.72,-0.92
-6.71,-6.29,-1.04
-5.49,-7.39,-2.20
-2.32,-9.09,-2.38
2.32,-11.72,-2.87
5.68,-12.76,-3.48
7.81,-13.55,-2.62
7.45,-14.95,-2.87
6.35,-16.42,-3.72
4.70,-15.93,-4.64
1.77,-16.48,-6.41
0.43,-20.32,-8.73
-1.22,-24.11,-10.80
-1.46,-27.40,-11.66
2.38,-31.56,-11.96
6.84,-33.02,-13.61
6.10,-35.34,-13.31
-2.01,-39.37,-10.01
-13.73,-39.49,-7.02
-21.97,-36.80,-6.04
-23.13,-34.06,-6.04
-18.55,-30.46,-8.12
-10.62,-32.41,-9.28
-4.21,-38.57,-9.52
-2.32,-42.60,-10.25
-4.76,-44.92,-9.70
-8.18,-46.14,-8.61
-10.07,-49.07,-11.11
-8.73,-51.09,-15.50
-5.07,-49.13,-16.24
-1.53,-45.41,-17.03
0.12,-44.01,-18.43
-0.98,-45.84,-18.49
-4.58,-47.42,-16.97
-8.42,-48.46,-15.44
-9.52,-47.00,-14.28
-6.71,-43.64,-12.02
-1.16,-39.18,-10.74
2.81,-34.73,-10.50
0.98,-36.56,-10.31
-5.86,-41.87,-11.11
-12.15,-47.24,-10.56
-14.65,-47.61,-8.97
-14.10,-41.63,-8.00
-12.21,-35.89,-7.93
-8.00,-30.76,-7.81
-1.34,-25.63,-6.29
4.94,-25.82,-5.55
8.36,-29.17,-7.57
6.96,-31.01,-9.09
1.83,-33.20,-7.63
-5.13,-32.71,-6.53
-8.54,-28.26,-9.22
-5.31,-21.12,-8.91
2.38,-16.78,-9.52
11.90,-16.91,-14.77
16.91,-15.75,-18.25
19.29,-18.49,-15.50
18.07,-24.11,-12.21
9.58,-26.55,-8.48
-1.46,-31.49,-5.49
-7.14,-36.80,-5.86
-8.18,-33.63,-5.86
-6.84,-24.90,-5.37
-4.33,-21.48,-7.02
-0.98,-23.01,-10.25
3.54,-22.77,-11.54
5.00,-21.73,-11.66
1.40,-24.05,-10.86
-0.55,-31.80,-8.85
0.24,-33.39,-6.16
3.72,-29.54,-5.25
9.52,-27.95,-6.23
12.94,-24.41,-7.51
14.04,-23.38,-8.30
13.18,-28.32,-8.36
10.38,-29.54,-8.61
8.61,-29.17,-9.22
8.30,-31.62,-8.06
9.09,-32.96,-6.35
8.61,-29.54,-6.04
7.75,-28.20,-5.00
7.39,-30.09,-3.72
8.85,-30.64,-3.17
12.57,-26.37,-2.99
16.30,-22.46,-3.11
19.53,-23.44,-1.77
21.91,-20.81,-0.55
21.73,-16.78,0.85
18.92,-17.21,3.36
13.85,-17.94,7.69
5.13,-13.00,8.91
-3.23,-6.23,7.63
-6.23,-0.37,10.38
-3.36,5.80,13.24
1.22,7.39,8.30
5.31,5.74,2.32
8.42,5.25,2.75
9.22,5.80,4.58
8.97,4.27,3.78
8.67,5.00,3.48
7.87,8.24,4.21
4.82,10.99,6.71
0.06,12.08,9.77
-5.00,12.57,10.68
-8.97,15.14,10.93
-9.34,17.76,11.29
-7.32,18.68,9.34
-2.99,19.17,6.23
0.43,21.85,5.68
0.49,23.80,6.47
-1.04,24.78,7.45
-1.59,25.39,8.36
-0.73,27.04,9.09
0.00,29.48,9.34
0.43,32.17,9.64
0.85,35.83,10.31
0.73,38.70,12.39
0.18,40.04,13.98
-0.79,41.99,16.42
-3.60,44.49,18.92
-8.67,45.59,21.91
-13.55,45.53,22.64
-14.89,46.14,21.67
-14.22,46.57,21.61
-12.33,46.63,20.32
-11.66,47.24,16.11
-12.39,47.85,13.73
-11.66,48.95,12.76
-8.97,48.89,11.23
-5.68,47.55,9.77
-2.50,45.17,8.61
0.00,44.13,9.09
0.06,44.80,9.77
-2.99,44.80,8.91
-6.41,43.82,8.42
-10.62,44.13,9.89
-14.83,45.72,12.21
-17.76,46.69,11.96
-17.70,47.85,10.80
-15.50,48.95,11.47
-13.06,47.61,11.60
-9.40,45.72,10.38
-6.23,44.62,9.58
-4.27,45.53,8.79
-3.78,46.20,7.93
-4.88,44.74,6.53
-7.87,42.24,5.98
-12.08,40.34,6.47
-14.53,38.51,6.53
-14.59,38.57,6.10
-13.00,39.61,6.16
-10.25,40.77,7.14
-10.44,42.54,7.08
-12.51,42.42,5.37
-12.88,41.02,8.85
-12.76,42.85,12.94
-11.72,45.90,10.68
-10.13,46.02,9.28
-8.97,46.14,10.44
-7.87,46.26,9.40
-5.43,43.52,7.26
-2.81,39.61,6.47
-1.59,36.68,5.74
-2.32,34.97,4.82
-3.91,32.59,4.33
-5.49,31.86,4.27
-5.74,32.04,4.09
-4.82,33.75,5.25
-3.17,34.42,5.43
-1.53,34.55,4.94
-0.24,35.89,4.76
-0.24,34.55,4.58
-0.98,28.93,4.88
-1.77,22.40,5.68
-1.10,19.41,5.68
-0.18,22.22,4.76
-0.18,24.90,2.99
-0.12,26.61,1.95
0.67,28.69,3.11
2.08,29.05,4.39
3.23,27.16,4.46
4.21,24.29,4.82
4.39,21.85,6.90
4.52,17.88,8.91
5.98,11.29,8.54
9.03,5.49,9.22
10.68,4.52,8.18
11.84,6.77,5.19
14.10,13.67,3.72
16.30,21.36,0.55
17.46,24.05,-2.87
17.76,21.42,-2.87
17.40,15.87,-2.08
14.04,9.95,-1.34
8.54,4.82,-0.92
2.75,0.98,0.55
-3.54,-0.55,3.11
-9.16,-0.73,5.25
-13.43,-0.43,5.43
-13.85,-1.40,4.82
-12.08,0.00,3.36
-10.99,-1.59,1.77
-9.28,-6.35,0.18
-5.98,-7.75,-0.67
-1.16,-6.77,-1.28
2.81,-7.26,-1.65
5.31,-8.97,-4.09
4.76,-10.31,-5.55
3.05,-12.39,-4.52
2.01,-16.72,-5.25
3.78,-21.55,-6.35
5.19,-23.19,-6.16
4.82,-22.83,-5.68
2.50,-22.52,-7.08
1.46,-22.89,-9.16
2.20,-22.95,-8.00
2.32,-22.95,-6.90
1.95,-25.82,-8.73
1.59,-30.64,-9.28
-1.04,-35.28,-8.61
-2.56,-40.41,-8.61
-2.81,-42.18,-7.20
-1.59,-38.82,-5.92
-0.67,-34.73,-6.23
0.85,-35.71,-8.12
2.08,-36.93,-10.93
2.62,-37.35,-10.93
2.81,-41.75,-11.35
1.22,-46.14,-12.57
-0.92,-47.73,-12.08
0.31,-47.42,-10.56
1.95,-44.49,-10.44
2.38,-43.33,-11.23
4.82,-48.10,-11.29
9.46,-50.42,-11.05
12.94,-46.88,-12.39
14.65,-46.26,-13.31
11.23,-47.91,-12.39
5.92,-49.50,-11.41
-0.12,-49.13,-10.38
-3.54,-49.68,-10.07
-3.11,-49.13,-10.68
-0.31,-45.96,-10.99
5.13,-40.59,-10.93
8.61,-37.60,-11.90
8.12,-39.98,-13.18
4.70,-45.47,-11.23
0.06,-53.83,-6.84
-2.38,-57.50,-4.76
-3.23,-52.86,-5.37
-2.01,-47.79,-6.23
1.28,-47.36,-7.20
5.31,-48.22,-8.97
6.35,-46.33,-9.16
4.82,-45.59,-8.54
2.38,-44.98,-9.77
-0.98,-42.24,-11.54
-2.56,-44.56,-11.96
-1.28,-48.22,-11.29
0.85,-47.61,-10.07
3.30,-45.29,-7.32
4.70,-44.86,-6.23
5.37,-45.04,-8.06
6.71,-41.69,-10.07
7.69,-38.94,-10.25
7.08,-41.08,-9.83
4.52,-42.30,-9.83
-0.18,-44.74,-7.20
-5.07,-46.20,-3.97
-8.12,-42.30,-2.20
-7.87,-37.96,0.00
-5.00,-38.82,1.53
-2.69,-41.99,2.08
-1.89,-41.99,1.95
-3.66,-39.61,1.71
-6.04,-38.76,0.92
-7.32,-39.79,0.00
-5.80,-38.94,-1.34
-2.81,-35.77,-3.30
2.93,-36.68,-5.55
7.02,-39.61,-6.29
6.29,-39.37,-8.42
2.87,-38.09,-9.28
-0.85,-38.94,-7.39
-4.33,-40.83,-5.49
-8.79,-39.98,-4.21
-11.96,-36.93,-3.42
-9.16,-34.30,-1.40
-3.48,-30.27,-1.71
2.20,-25.57,-4.76
6.96,-23.50,-5.68
8.12,-24.29,-5.55
4.27,-24.35,-4.82
0.37,-26.37,-4.15
-0.55,-28.38,-4.03
0.79,-25.21,-4.09
2.87,-19.35,-4.64
4.70,-17.40,-6.96
5.55,-20.26,-8.24
5.80,-22.64,-7.45
5.86,-21.42,-6.23
6.23,-18.62,-6.16
8.06,-15.99,-6.29
9.46,-14.22,-5.00
9.40,-12.82,-3.72
6.35,-13.31,-2.26
2.08,-14.47,-0.24
-0.73,-14.16,1.59
-0.73,-12.39,3.54
0.00,-9.77,4.21
2.26,-8.42,3.60
4.58,-6.04,3.72
6.47,-2.93,4.94
7.20,1.65,4.76
8.85,4.39,3.72
9.34,5.92,3.48
8.97,8.30,4.52
6.65,13.55,6.10
3.36,17.46,5.19
1.16,16.36,6.47
0.31,15.26,10.25
0.06,18.13,12.51
-1.40,20.02,12.57
-3.30,20.02,12.70
-3.91,23.62,13.12
-4.39,29.24,12.02
-5.55,32.90,11.84
-6.77,32.71,12.39
-7.93,31.86,10.99
-7.32,32.35,9.58
-5.98,34.24,10.07
-5.68,35.71,10.93
-5.98,36.99,10.80
-6.96,38.09,10.86
-7.32,38.94,12.70
-7.75,41.56,14.59
-8.36,44.25,14.83
-8.42,45.72,15.69
-8.61,46.33,17.33
-8.85,45.90,17.64
-9.22,46.39,16.36
-10.07,47.49,15.93
-9.83,47.06,16.30
-10.50,45.90,16.60
-11.35,43.70,15.44
-11.35,41.81,15.01
-11.78,41.38,15.26
-12.15,39.49,14.28
-12.08,40.53,13.12
-11.23,43.88,11.41
-10.31,46.14,8.06
-8.24,46.94,6.35
-7.51,48.71,7.75
-7.08,46.51,11.66
-7.63,42.18,14.40
-9.16,40.16,13.43
-10.99,39.43,13.43
-13.67,37.54,15.63
-15.50,37.29,16.72
-15.38,41.50,14.95
-11.66,45.90,13.00
-7.39,46.63,12.88
-2.69,45.29,13.61
0.85,45.72,12.02
1.10,44.49,9.70
0.85,39.12,9.77
0.67,35.34,9.22
-1.34,33.87,8.06
-2.75,30.82,8.85
-4.03,29.42,8.97
-5.68,32.78,6.77
-5.68,36.25,4.46
-4.03,35.89,4.88
-2.20,35.16,4.94
-0.73,33.45,3.42
1.46,32.04,5.43
3.78,34.12,7.39
5.37,35.71,4.76
4.88,33.87,3.17
3.72,29.24,4.64
2.93,28.75,5.62
3.97,32.35,4.33
4.94,34.42,3.11
5.74,32.47,3.66
6.53,28.63,3.60
8.12,26.67,3.48
8.54,27.40,3.48
8.85,26.37,4.46
8.24,25.39,4.58
6.71,24.48,3.54
5.00,24.05,3.60
3.97,24.05,4.15
2.62,22.89,2.62
1.83,20.75,0.55
1.16,19.59,0.24
0.31,17.33,-0.55
-1.40,14.65,-2.44
-2.81,11.78,-3.17
-1.77,9.09,-2.32
0.73,9.22,-1.34
3.97,10.93,-1.40
3.85,11.17,-2.32
1.77,10.07,-2.50
-0.73,8.48,-1.77
-1.71,8.12,-2.62
-2.08,7.81,-3.85
-2.93,5.19,-3.97
-3.91,0.85,-2.87
-4.76,-1.10,-2.69
-5.55,-1.53,-3.97
-5.37,-3.66,-4.21
-3.60,-5.80,-3.85
-2.14,-6.90,-4.15
-0.49,-6.16,-5.25
0.49,-5.07,-5.31
1.10,-6.77,-4.70
1.04,-10.44,-5.55
2.56,-11.78,-7.57
3.66,-12.57,-8.42
4.70,-17.03,-7.93
4.64,-18.43,-8.24
4.58,-17.40,-8.97
4.76,-18.74,-9.09
3.72,-21.06,-8.91
0.85,-24.54,-8.67
-1.10,-29.24,-8.54
-1.59,-31.07,-8.67
-0.92,-30.76,-9.77
2.93,-31.49,-12.39
7.63,-32.65,-13.79
10.31,-30.76,-12.76
10.25,-28.02,-12.76
8.42,-26.12,-13.12
6.96,-27.53,-13.67
5.19,-31.74,-12.88
2.20,-34.06,-12.21
0.31,-36.32,-11.78
0.49,-38.82,-10.25
0.49,-37.72,-9.52
0.55,-35.10,-10.01
0.31,-36.80,-10.01
0.92,-39.73,-10.31
2.62,-39.49,-11.17
3.48,-39.31,-11.96
2.87,-38.45,-12.76
0.85,-37.23,-13.12
-2.69,-38.51,-12.08
-7.57,-40.59,-10.80
-10.44,-41.44,-8.79
-10.44,-38.64,-6.59
-7.39,-33.14,-7.02
-2.50,-33.45,-8.54
2.26,-36.68,-9.03
4.70,-38.02,-8.91
5.37,-38.82,-8.67
4.94,-37.72,-9.52
3.85,-37.35,-11.96
6.77,-39.25,-13.31
10.80,-37.66,-12.15
11.78,-34.97,-11.17
9.52,-36.07,-11.60
5.92,-38.76,-11.60
1.28,-40.34,-8.79
-1.40,-40.47,-6.71
-0.79,-39.61,-8.06
2.32,-40.47,-7.51
8.18,-41.44,-5.55
12.82,-36.13,-6.10
13.49,-30.33,-8.54
11.23,-32.35,-10.25
7.69,-37.78,-9.95
2.26,-38.21,-7.69
-3.36,-39.98,-6.53
-5.19,-42.11,-6.59
-2.69,-39.61,-6.47
3.17,-37.72,-6.65
9.95,-39.12,-7.26
16.72,-39.43,-8.18
18.68,-34.97,-10.13
15.32,-33.51,-11.17
11.72,-40.28,-10.86
10.80,-44.86,-9.34
11.35,-43.52,-7.57
10.44,-40.10,-6.71
8.24,-41.56,-6.90
7.02,-43.58,-7.08
7.57,-42.42,-7.26
7.32,-39.79,-8.30
6.41,-36.56,-9.34
5.62,-36.50,-9.09
4.52,-38.70,-8.54
2.81,-38.15,-7.45
1.77,-35.52,-6.16
0.24,-33.75,-5.98
-0.43,-31.56,-4.70
-0.37,-30.03,-2.75
-0.24,-30.09,-2.20
-1.40,-29.36,-3.85
-2.62,-29.30,-4.64
-4.64,-30.82,-4.70
-7.14,-29.72,-4.82
-9.89,-27.04,-4.82
-11.47,-25.15,-4.15
-11.41,-23.56,-3.11
-9.22,-23.25,-2.81
-5.25,-23.07,-2.44
-0.85,-22.09,-1.89
2.14,-19.90,-2.56
2.93,-17.58,-4.03
3.05,-13.43,-3.72
2.32,-8.36,-3.05
0.06,-6.65,-3.05
-2.32,-5.43,-1.65
-4.39,-3.05,-0.18
-5.68,-2.62,0.85
-5.86,-4.52,1.89
-5.43,-3.54,2.62
-3.30,-0.98,2.69
-1.89,0.61,2.32
-1.10,1.71,1.28
0.43,2.32,2.01
2.01,3.66,3.17
2.26,6.90,2.14
1.22,8.67,1.10
0.12,9.52,2.75
-0.18,12.15,3.97
-0.92,16.42,3.05
-1.22,18.37,3.17
-0.92,17.03,5.80
-0.98,16.30,6.41
-2.20,18.01,5.74
-2.44,19.29,7.02
-2.50,22.16,8.24
-2.75,27.65,8.48
-2.99,30.70,8.54
-2.87,30.76,9.03
-3.17,31.19,10.74
-4.15,31.74,11.54
-4.15,32.65,11.29
-3.05,33.14,11.78
-1.46,32.96,12.94
-0.43,32.78,13.06
0.43,33.33,12.88
1.16,33.33,13.73
1.89,32.17,15.14
1.59,31.92,16.24
-0.37,32.84,17.46
-1.77,31.56,19.23
-1.83,31.13,21.36
0.06,31.43,22.34
2.75,31.68,22.40
4.46,31.62,23.32
2.75,31.62,23.62
-0.61,33.26,21.36
-2.32,38.15,18.43
-2.69,43.46,17.27
-2.14,45.29,16.24
-2.93,47.49,12.15
-3.36,48.65,10.25
-2.87,47.30,12.57
-2.50,45.59,12.88
-2.44,44.49,11.54
-2.69,41.99,11.66
-3.30,38.64,12.94
-4.76,36.50,14.40
-6.53,37.11,13.37
-7.63,39.79,10.07
-6.47,43.58,9.34
-2.87,46.26,9.22
0.31,47.61,7.45
2.08,45.35,7.63
2.01,41.81,8.79
0.67,38.57,9.52
-2.99,35.03,10.74
-10.01,29.79,11.72
-15.69,20.02,14.28
-16.17,7.81,18.01
-14.47,6.65,20.69
-11.11,15.63,21.97
-9.16,30.58,21.73
-6.96,40.10,19.59
-5.00,41.02,18.49
-5.31,38.88,16.60
-6.90,37.84,12.57
-7.51,35.40,10.25
-6.29,32.35,9.46
-4.64,30.88,10.25
-5.55,31.49,10.19
-7.87,31.80,8.73
-9.09,30.03,8.67
-9.28,29.42,7.26
-9.28,31.37,4.82
-9.34,33.75,3.54
-9.95,33.26,2.44
-8.67,29.54,2.32
-5.92,28.50,3.91
-4.27,27.22,4.39
-3.54,22.34,3.17
-2.44,19.65,2.93
-3.11,20.51,3.48
-2.93,18.86,2.99
-2.93,17.21,2.69
-4.09,18.19,2.62
-6.10,19.53,1.83
-6.23,20.14,1.89
-3.91,21.24,2.99
-1.83,22.16,2.69
0.37,21.48,0.79
2.50,20.57,0.79
4.46,18.62,2.26
5.19,16.91,1.16
4.46,16.48,-0.67
4.39,15.26,-0.24
5.92,13.49,0.18
8.18,13.18,0.49
8.73,13.67,-0.12
8.36,12.39,-0.06
5.13,9.95,0.12
0.24,8.24,-1.77
-3.60,7.32,-3.30
-5.55,4.03,-1.10
-6.71,-0.18,0.49
-8.00,0.00,-0.79
-8.18,1.16,-0.98
-6.53,-1.53,-1.22
-5.00,-3.48,-2.62
-4.39,-3.42,-2.93
-4.09,-5.74,-1.53
-4.15,-7.87,-1.10
-4.52,-7.32,-3.11
-4.82,-7.87,-4.58
-4.03,-12.51,-4.82
-2.08,-16.78,-4.76
0.92,-18.13,-5.19
3.17,-17.76,-6.96
4.21,-14.89,-8.67
3.78,-12.45,-9.77
3.36,-13.85,-10.25
3.72,-17.15,-10.74
3.17,-23.56,-9.22
0.31,-28.14,-8.24
-2.81,-32.65,-7.45
-2.99,-38.94,-6.23
0.55,-40.47,-5.86
5.98,-36.01,-6.16
12.02,-32.90,-6.16
15.93,-32.23,-7.14
18.43,-30.15,-7.81
22.83,-27.16,-6.47
24.29,-27.10,-7.51
20.20,-33.81,-10.93
12.08,-44.37,-11.78
2.26,-49.80,-10.99
-3.48,-48.16,-9.52
-1.77,-47.73,-7.45
3.97,-45.17,-7.32
10.25,-40.34,-8.54
15.99,-37.05,-8.79
19.47,-32.35,-10.19
20.81,-30.21,-14.34
18.31,-32.23,-19.10
13.06,-39.73,-19.71
6.41,-50.17,-16.48
1.89,-54.50,-12.63
1.04,-52.06,-9.77
2.56,-46.88,-8.61
6.47,-42.72,-8.18
11.90,-39.31,-9.28
16.36,-35.95,-10.38
16.11,-35.64,-11.35
11.72,-40.53,-12.15
6.10,-46.69,-11.29
1.22,-53.41,-8.30
-3.66,-57.25,-6.04
-9.03,-55.24,-6.35
-10.99,-51.88,-6.35
-8.48,-49.01,-6.84
-3.85,-44.56,-8.12
1.71,-39.49,-9.03
7.20,-36.74,-10.56
9.83,-39.67,-13.61
9.52,-42.18,-14.10
5.86,-43.21,-12.51
1.28,-46.20,-11.17
-2.38,-47.79,-8.73
-3.54,-47.06,-7.45
-3.60,-44.37,-7.51
-2.99,-41.63,-8.24
-2.62,-38.82,-8.12
-2.50,-33.63,-7.63
-3.17,-30.40,-8.24
-2.93,-33.02,-6.71
-2.26,-34.91,-6.47
-1.83,-33.20,-7.26
0.61,-33.75,-6.47
3.85,-34.00,-6.04
6.65,-34.55,-6.77
8.54,-35.71,-8.24
7.57,-33.57,-8.54
3.42,-31.19,-8.24
-3.30,-35.34,-7.81
-9.03,-41.20,-7.93
-11.72,-38.76,-8.30
-10.62,-33.75,-7.63
-5.25,-32.90,-6.41
2.14,-31.62,-5.31
10.25,-28.26,-6.04
14.59,-27.34,-8.61
13.31,-27.95,-9.09
9.52,-30.03,-7.14
6.23,-31.07,-6.23
4.76,-29.85,-6.77
3.11,-28.56,-7.20
1.46,-28.44,-6.47
-0.12,-28.32,-5.68
0.18,-28.75,-4.52
3.78,-29.48,-5.00
5.74,-29.05,-6.59
7.02,-30.76,-6.90
6.96,-31.68,-6.35
4.21,-29.24,-5.80
-0.24,-27.47,-5.37
-4.39,-27.28,-5.19
-6.47,-27.71,-3.72
-7.93,-26.79,-1.10
-6.53,-23.07,-0.85
-3.54,-19.65,-1.04
-0.24,-16.78,-1.34
2.44,-14.47,-1.59
4.03,-12.51,-1.71
5.19,-10.13,-1.65
6.96,-7.26,-2.87
7.45,-5.55,-4.27
5.74,-5.55,-3.60
2.81,-3.60,-0.98
0.06,-1.10,1.46
-1.46,0.00,2.75
-1.89,1.28,3.78
-1.65,5.07,5.00
-2.62,10.31,5.98
-2.56,13.06,7.26
-1.53,16.17,8.54
-2.14,21.48,8.48
-3.60,24.90,7.57
-4.52,26.12,7.08
-4.94,28.14,8.18
-5.86,30.09,9.77
-7.32,29.17,10.62
-7.14,28.26,11.17
-6.59,30.88,12.33
-7.63,34.48,11.54
-8.79,35.28,10.80
-9.58,36.50,12.57
-9.89,38.64,13.37
-10.38,40.83,11.84
-10.56,41.69,11.35
-11.17,43.27,12.70
-11.60,46.02,13.06
-11.05,47.00,12.33
-10.80,48.03,11.66
-10.99,48.22,10.93
-11.29,48.34,11.29
-13.00,48.77,11.41
-15.14,48.22,10.68
-17.27,48.65,10.19
-17.33,50.29,11.35
-17.03,52.19,11.05
-15.75,52.25,10.19
-13.18,52.43,10.25
-10.74,53.34,9.95
-8.91,53.47,9.09
-7.57,52.49,9.83
-6.65,51.64,10.99
-6.96,52.55,10.38
-7.69,52.37,10.44
-8.30,51.03,11.17
-8.91,50.96,10.50
-9.46,50.11,9.77
-9.46,48.95,10.19
-9.52,46.75,10.99
-9.77,43.58,12.02
-8.12,44.07,13.00
-5.92,47.97,13.49
-3.66,50.29,13.67
-1.53,50.78,13.00
-1.59,51.33,11.90
-1.53,50.60,12.33
-1.65,48.89,13.00
-1.34,48.65,10.25
-0.85,48.83,7.51
0.61,48.65,6.65
1.34,46.88,5.25
2.62,44.25,3.85
4.76,42.48,3.54
6.84,42.97,3.97
7.02,42.54,4.64
4.64,41.63,4.52
1.95,41.99,3.05
1.95,42.18,2.99
1.22,41.87,4.46
0.98,40.71,3.78
0.73,39.92,2.14
0.12,39.67,3.05
1.04,38.45,4.94
2.99,37.48,5.62
4.58,37.05,5.00
6.71,35.03,4.39
7.87,33.94,5.86
7.69,35.03,7.02
6.47,36.25,5.43
3.72,35.71,4.39
1.16,34.12,4.70
-2.20,33.33,5.43
-5.74,30.88,5.68
-6.71,26.98,4.88
-6.10,26.49,5.00
-5.07,26.73,4.94
-5.49,26.18,3.66
-5.62,25.88,4.76
-5.00,27.22,5.98
-4.39,28.32,4.76
-3.48,26.67,3.42
-1.28,22.34,3.17
0.43,18.86,2.93
0.67,16.72,2.26
2.20,14.28,1.59
4.88,13.73,0.85
6.90,14.89,0.67
7.81,14.53,-0.37
6.90,11.84,-1.89
4.03,8.30,-1.95
1.16,3.97,-1.28
-1.77,2.75,-0.98
-3.66,1.83,-1.22
-2.81,-0.55,-1.65
-0.79,-0.55,-1.65
0.85,0.49,-2.38
2.32,-1.10,-3.66
3.11,-2.75,-4.27
3.66,-5.74,-4.52
4.03,-8.67,-5.13
4.27,-10.86,-6.29
5.25,-13.85,-7.20
4.52,-14.95,-8.48
2.62,-17.27,-9.03
2.08,-20.39,-8.24
2.01,-21.61,-8.00
2.01,-23.68,-8.42
1.65,-27.10,-9.09
2.32,-27.89,-10.19
3.42,-26.73,-10.38
4.64,-27.77,-10.01
5.25,-30.94,-10.13
6.35,-32.17,-11.23
7.14,-30.58,-12.15
7.57,-31.74,-12.08
7.75,-34.55,-11.23
7.08,-33.69,-10.07
7.14,-34.48,-10.13
7.93,-36.56,-11.11
9.22,-38.51,-11.66
10.25,-39.49,-13.43
10.50,-39.92,-14.28
10.13,-40.71,-14.40
9.89,-40.28,-14.89
9.40,-40.28,-15.87
9.40,-44.01,-15.14
5.68,-48.65,-14.65
1.95,-52.49,-15.14
-0.06,-52.19,-12.63
-1.10,-46.45,-10.80
-3.05,-41.87,-11.60
-4.33,-41.69,-12.15
-2.75,-40.10,-12.45
0.85,-36.50,-12.63
6.04,-35.34,-13.18
11.35,-36.93,-14.28
12.33,-39.06,-17.15
10.13,-42.85,-17.21
6.47,-49.07,-13.12
1.89,-53.04,-9.52
-3.05,-53.10,-9.52
-5.25,-48.89,-11.05
-0.92,-41.81,-11.47
5.25,-35.83,-11.23
11.47,-34.85,-12.21
13.31,-35.95,-15.99
8.97,-35.89,-18.43
4.21,-40.77,-14.59
-1.22,-45.72,-10.93
-6.90,-46.69,-10.38
-8.42,-47.67,-8.18
-5.55,-45.29,-5.31
-1.16,-39.61,-4.33
3.72,-37.11,-6.04
7.81,-35.95,-8.42
9.22,-35.22,-9.64
7.87,-35.77,-11.72
5.07,-39.86,-12.45
1.83,-44.19,-10.56
-1.10,-44.19,-8.12
0.24,-42.72,-6.96
3.97,-39.79,-6.71
8.30,-37.41,-7.57
10.68,-37.60,-10.01
7.69,-41.02,-11.35
0.61,-47.12,-9.34
-7.02,-52.00,-6.29
-16.24,-55.66,-4.03
-23.62,-59.69,-2.26
-20.45,-58.59,-2.99
-5.19,-47.42,-3.36
13.43,-30.76,-4.03
22.22,-27.40,-11.23
19.29,-36.19,-17.52
10.38,-40.65,-14.89
2.08,-42.60,-12.21
-3.48,-46.45,-11.84
-6.84,-46.75,-10.68
-6.65,-43.09,-9.64
-6.23,-37.66,-9.34
-6.29,-32.35,-7.32
-4.88,-30.82,-6.71
-2.32,-31.31,-7.75
-0.06,-33.20,-6.96
1.34,-33.69,-6.77
0.00,-29.42,-6.59
-2.32,-27.89,-5.68
-4.82,-26.79,-5.13
-7.57,-23.56,-4.27
-9.16,-20.94,-4.33
-8.54,-19.78,-4.21
-8.00,-18.37,-3.78
-6.10,-17.03,-3.11
-3.23,-13.00,-2.26
0.06,-8.91,-1.16
2.26,-6.16,-1.34
2.38,-4.27,-2.08
1.71,-2.20,-2.26
1.40,-1.65,-0.98
2.20,-1.65,1.34
1.59,3.17,2.20
1.65,9.22,2.38
2.50,12.39,3.97
3.17,13.79,5.37
2.87,17.82,5.00
1.89,23.44,4.94
0.85,25.02,5.31
0.79,24.60,6.16
1.53,23.80,7.14
0.61,25.15,9.22
-0.06,24.41,10.93
-1.22,22.52,11.90
-3.11,23.32,12.63
-3.85,26.79,11.05
-2.32,28.93,9.46
-0.18,30.09,9.16
0.31,29.91,8.24
-1.40,29.11,8.24
-3.66,29.91,10.19
-3.97,30.94,10.38
-3.23,33.94,8.06
-3.05,36.87,7.32
-2.87,37.48,8.48
-3.05,38.51,8.67
-3.30,40.41,9.09
-3.66,42.30,10.19
-4.64,44.86,9.70
-5.62,44.49,11.05
-6.47,43.21,13.00
-6.65,43.76,13.85
-5.92,43.33,14.83
-3.72,42.66,15.32
-1.34,43.82,14.71
2.50,45.96,14.04
6.10,48.28,13.67
9.03,49.56,13.98
10.19,50.23,14.04
7.75,50.42,15.44
3.17,50.05,18.31
-3.11,49.07,20.02
-9.52,50.05,20.51
-12.33,51.51,21.91
-12.70,51.88,21.55
-11.78,52.55,19.35
-10.74,52.49,18.25
-9.83,52.06,18.13
-9.40,52.19,17.21
-8.24,51.70,16.36
-6.71,49.56,16.30
-6.23,46.63,15.75
-6.35,46.26,14.89
-7.32,46.14,15.44
-8.36,46.69,15.63
-8.12,47.06,14.95
-7.08,46.81,14.16
-6.53,46.94,13.24
-4.39,46.08,12.63
-1.53,45.04,12.33
0.49,44.62,10.93
0.92,43.52,9.22
0.43,41.08,9.58
-0.61,39.37,9.95
-2.26,38.27,9.77
-4.58,35.03,9.34
-6.29,29.30,10.07
-6.96,24.78,11.72
-6.47,20.39,12.39
-4.64,12.27,11.41
-3.54,4.94,9.83
-2.14,4.82,7.08
1.16,12.70,6.16
5.98,21.91,6.84
10.50,30.46,6.23
13.98,34.73,4.58
15.99,32.65,4.39
17.94,26.98,6.35
18.37,21.97,6.65
17.70,18.62,4.52
16.11,13.61,2.93
15.14,10.99,2.87
14.71,10.13,2.99
13.55,11.17,3.54
12.02,12.76,3.97
9.70,12.57,3.23
6.04,12.02,2.32
1.53,12.63,2.14
-1.65,12.15,1.46
-1.53,8.73,1.22
-0.61,6.16,0.79
-1.04,5.07,-0.79
-2.50,5.37,-1.65
-3.11,5.19,-2.08
-2.99,3.78,-1.71
-2.75,4.82,-1.16
-2.93,6.04,-0.79
-2.32,4.82,0.49
-1.34,4.03,0.18
-1.28,2.20,-1.34
-1.95,-1.46,-2.38
-1.83,-5.49,-2.69
-1.77,-7.93,-2.93
-2.14,-8.73,-2.87
-3.05,-10.13,-1.89
-4.21,-11.41,-3.11
-4.09,-13.12,-3.60
-2.01,-13.55,-2.56
-1.34,-11.29,-3.54
-1.34,-11.11,-6.47
-1.77,-14.04,-8.48
-0.37,-16.24,-8.54
2.44,-17.64,-8.42
4.52,-19.41,-8.61
3.05,-22.16,-8.06
0.79,-27.95,-8.79
-1.22,-29.48,-9.89
-2.81,-30.15,-9.52
-3.66,-34.42,-9.34
-3.78,-34.67,-9.16
-2.50,-32.04,-8.85
-0.85,-31.13,-10.01
0.85,-29.48,-10.38
1.53,-26.79,-11.90
0.18,-27.71,-14.28
-1.46,-33.69,-14.40
-4.39,-41.08,-13.79
-9.95,-45.04,-11.90
-14.34,-51.64,-9.64
-14.53,-53.28,-8.42
-11.96,-45.84,-7.75
-7.45,-40.28,-9.52
-2.44,-38.88,-12.27
-0.24,-37.11,-13.79
-1.46,-36.80,-13.61
-7.39,-38.64,-13.43
-16.42,-42.36,-13.85
-27.77,-47.91,-13.73
-35.16,-51.15,-7.69
-36.19,-52.67,-6.96
-28.63,-47.97,-7.57
-11.41,-40.04,-7.51
10.56,-35.52,-11.35
31.07,-37.41,-16.60
43.58,-39.67,-20.45
44.13,-39.86,-24.78
36.25,-42.91,-26.61
27.04,-47.85,-25.33
15.93,-48.34,-24.05
4.94,-48.83,-22.09
-1.95,-51.09,-17.94
-4.27,-49.26,-12.70
-1.65,-43.95,-12.51
4.76,-40.10,-14.65
9.03,-37.78,-13.67
9.46,-42.91,-10.50
7.57,-47.24,-9.83
5.43,-41.75,-10.13
4.82,-36.32,-8.79
5.86,-37.29,-7.57
5.00,-38.45,-8.97
3.23,-40.59,-10.50
3.91,-43.15,-11.35
5.92,-43.88,-15.20
8.48,-45.53,-18.19
10.99,-50.96,-21.67
10.86,-54.14,-23.19
10.86,-52.92,-18.62
13.24,-51.57,-13.06
14.65,-47.85,-10.56
13.85,-44.49,-12.15
11.11,-42.85,-14.04
6.65,-42.24,-13.31
2.44,-42.60,-12.15
0.85,-41.81,-10.93
1.89,-39.18,-10.93
5.80,-35.77,-12.39
9.95,-33.51,-11.35
12.63,-32.47,-10.38
12.57,-30.76,-11.47
9.09,-30.09,-10.50
4.58,-33.33,-5.98
0.73,-36.93,-3.78
-1.28,-34.91,-3.60
-0.12,-27.71,-2.99
2.20,-19.78,-3.17
5.43,-15.20,-5.07
7.02,-12.76,-5.86
6.84,-10.99,-5.68
3.72,-9.22,-4.82
0.67,-8.06,-2.69
-0.31,-8.30,0.73
0.18,-7.63,2.08
1.40,-5.19,1.77
2.81,-2.26,2.69
3.05,2.56,3.48
2.26,7.32,3.42
0.43,9.64,4.46
-1.04,11.54,5.43
-2.69,13.73,5.92
-3.72,14.22,7.75
-5.43,14.40,9.70
-5.49,14.04,10.86
-3.05,15.26,10.44
-1.04,19.59,9.83
-0.43,23.74,10.07
0.12,26.73,11.23
-1.22,28.87,12.63
-3.42,27.28,13.61
-5.55,26.31,13.98
-6.47,27.22,14.16
-6.16,27.83,14.89
-4.15,30.15,17.33
-2.44,33.87,18.49
-2.50,34.61,18.19
-2.32,35.89,18.86
-2.93,39.73,19.35
-4.76,40.16,17.88
-6.59,39.12,17.70
-8.73,39.92,18.19
-10.07,41.02,17.64
-11.11,42.18,20.20
-11.47,43.27,21.67
-10.86,44.92,19.59
-8.67,46.69,19.53
-6.71,48.28,20.20
-6.90,49.93,19.59
-7.26,52.00,19.71
-8.06,54.81,21.06
-9.40,55.36,21.55
-10.25,54.93,21.18
-11.17,54.93,21.73
-11.72,53.77,21.48
-11.47,51.70,21.55
-10.99,52.80,21.30
-10.38,54.02,20.20
-7.51,54.08,18.92
-5.13,56.46,18.31
-4.58,58.04,18.19
-7.20,58.29,17.76
-12.63,61.16,17.33
-19.17,64.70,19.29
-21.12,64.39,22.64
-18.01,61.77,24.66
-14.83,60.79,23.99
-14.16,61.58,23.19
-15.81,62.44,22.83
-17.82,59.75,22.71
-18.07,56.58,21.30
-16.66,57.43,19.84
-14.40,58.47,18.43
-13.98,57.07,15.56
-13.73,52.49,13.85
-13.06,49.93,14.47
-11.96,48.46,14.16
-10.56,46.02,13.12
-8.48,45.59,12.45
-7.14,45.90,12.08
-5.86,42.05,12.21
-5.13,38.70,9.03
-4.21,40.41,6.96
-3.48,41.14,9.09
-2.99,38.70,9.83
-4.09,37.66,7.57
-5.37,35.89,5.86
-4.88,33.51,7.69
-3.85,30.33,9.16
-3.42,28.14,7.69
-3.05,28.02,7.45
-2.87,27.28,8.85
-3.42,25.76,9.28
-6.16,25.70,7.81
-9.28,25.27,7.63
-11.05,23.19,8.54
-10.62,19.41,8.91
-8.48,19.78,6.47
-5.98,22.64,4.46
-3.97,19.84,3.85
-3.60,13.73,1.71
-1.89,9.58,-0.85
0.92,7.81,-1.22
2.20,8.67,-1.89
2.44,8.61,-3.97
3.05,5.31,-6.35
3.66,1.77,-7.57
4.27,-0.43,-8.73
3.36,-4.27,-10.80
1.65,-8.30,-12.45
1.59,-11.05,-12.88
1.53,-11.35,-10.62
1.04,-12.02,-9.46
-0.31,-13.92,-10.80
-1.89,-15.50,-10.50
-2.87,-17.58,-9.40
-3.23,-19.90,-9.64
-3.11,-22.03,-9.28
-1.71,-25.39,-7.75
0.49,-25.57,-7.08
1.83,-23.99,-7.51
2.81,-23.93,-8.24
4.82,-26.06,-8.48
7.45,-28.08,-7.75
9.40,-30.94,-9.40
10.50,-34.18,-11.41
11.23,-35.28,-10.62
12.88,-40.77,-11.23
16.36,-45.84,-14.22
20.26,-42.79,-16.05
21.85,-38.88,-18.68
19.17,-40.83,-22.58
13.37,-45.96,-23.68
6.96,-48.28,-21.85
1.71,-48.22,-19.65
-2.01,-45.23,-18.25
-0.49,-42.05,-15.75
4.39,-39.06,-14.34
8.48,-38.39,-15.08
9.22,-42.11,-15.32
7.93,-49.32,-15.32
6.47,-53.28,-15.69
6.16,-48.89,-15.26
7.26,-41.26,-16.72
10.62,-40.53,-17.52
12.94,-41.50,-17.82
12.08,-39.43,-18.62
10.25,-40.53,-16.54
8.24,-44.13,-13.92
7.02,-47.79,-13.06
5.13,-50.35,-13.24
1.34,-50.05,-12.39
-1.89,-49.07,-10.19
-1.65,-50.48,-10.93
3.30,-49.99,-13.55
9.95,-45.53,-14.10
12.76,-41.87,-13.79
9.89,-40.28,-13.67
3.66,-41.50,-12.45
-1.59,-45.59,-10.80
-2.26,-51.27,-10.38
-2.38,-54.26,-10.31
-1.22,-52.55,-9.09
3.72,-50.42,-7.75
9.89,-47.18,-9.58
13.37,-42.60,-11.72
12.02,-40.83,-12.82
7.14,-41.38,-12.45
2.87,-44.68,-10.80
1.59,-49.62,-10.56
2.93,-51.76,-10.86
5.92,-50.29,-10.19
9.28,-48.71,-10.25
9.28,-45.17,-11.05
8.42,-45.10,-10.93
6.59,-47.42,-11.05
3.54,-49.13,-11.78
-0.73,-49.99,-11.90
-3.30,-47.55,-10.07
-1.89,-41.87,-8.97
2.14,-36.07,-8.18
5.37,-32.59,-7.39
4.39,-34.79,-7.45
0.00,-40.22,-7.45
-3.54,-44.86,-6.47
-6.71,-45.59,-6.96
-10.19,-43.82,-8.00
-11.11,-41.08,-8.00
-11.05,-36.50,-7.51
-11.05,-32.84,-7.51
-10.38,-31.86,-7.45
-8.91,-31.98,-6.23
-8.91,-31.80,-4.15
-7.93,-30.94,-2.93
-4.94,-29.36,-1.22
-1.04,-28.02,-2.69
1.40,-24.96,-5.37
0.55,-21.00,-5.13
-1.28,-18.98,-3.72
-1.34,-19.96,-2.99
0.79,-17.64,-3.54
2.99,-14.16,-3.91
2.75,-12.70,-4.09
2.01,-12.51,-3.66
1.40,-12.63,-2.26
0.55,-12.82,-0.98
0.49,-11.29,-1.04
1.16,-6.84,-1.16
1.83,-0.55,-0.49
1.95,3.11,0.55
0.85,4.21,2.93
-0.67,5.43,5.07
-0.92,6.59,6.96
-0.79,9.16,8.73
-0.24,11.72,9.89
-0.24,14.34,10.25
-0.85,17.09,10.01
-1.04,18.74,10.25
-0.55,20.26,10.80
-0.43,23.62,11.35
-0.67,25.33,11.05
-0.98,24.96,10.80
-0.98,26.43,11.84
-1.53,28.44,13.61
-2.01,28.50,14.77
-1.04,28.26,15.38
1.16,28.99,16.72
4.82,31.19,17.82
6.96,34.91,17.40
7.08,38.76,16.72
6.10,41.69,16.48
2.69,42.05,16.78
-0.98,40.04,17.76
-2.87,39.37,17.76
-3.30,41.26,16.36
-3.66,43.03,15.63
-3.60,43.88,15.26
-3.36,44.37,14.77
-1.83,43.70,16.11
-0.37,44.80,16.48
1.04,47.18,15.32
1.95,49.50,13.98
0.92,49.99,14.83
-1.71,49.26,16.78
-5.86,49.44,16.97
-10.25,49.74,18.13
-14.71,48.71,20.81
-16.36,48.52,21.61
-15.87,50.60,20.45
-13.49,50.66,21.91
-11.90,50.60,23.19
-11.17,51.03,22.03
-10.68,51.64,22.64
-9.70,52.00,23.38
-9.03,50.66,23.13
-7.57,49.13,23.32
-6.53,48.71,25.21
-7.45,46.88,24.78
-9.46,46.39,21.61
-7.57,47.12,20.51
-1.95,49.50,20.75
6.16,53.04,19.71
12.82,55.60,15.99
16.05,56.58,13.61
15.14,54.93,14.04
9.70,52.98,12.94
2.69,51.27,15.08
-4.33,49.13,17.03
-10.50,46.26,15.99
-11.84,44.98,16.36
-9.16,45.90,15.26
-7.39,47.85,12.57
-6.84,49.74,10.68
-6.65,48.28,10.74
-7.26,45.96,10.44
-8.85,43.70,10.86
-9.89,38.88,11.29
-10.74,36.19,9.34
-10.25,35.77,7.57
-6.47,35.34,8.54
-2.38,36.93,9.77
0.67,36.62,7.93
0.85,34.00,5.92
-0.06,29.60,5.31
-3.05,27.89,5.86
-6.23,27.04,6.90
-8.42,25.57,6.59
-7.93,24.66,6.96
-4.82,23.25,7.14
-1.16,21.18,7.08
-2.14,22.28,6.84
-4.15,21.79,2.93
-5.13,17.27,1.59
-3.11,14.04,2.81
-0.12,15.63,2.50
1.34,16.17,2.14
2.62,13.73,0.92
3.60,11.41,0.79
2.81,10.38,0.98
1.28,9.03,0.06
-1.28,5.98,-0.24
-5.00,4.94,0.61
-7.45,3.85,0.06
-7.93,1.04,-0.06
-7.51,-2.01,0.73
-6.65,-5.62,0.31
-6.35,-7.69,-1.77
-6.04,-7.39,-2.50
-5.80,-7.51,-2.38
-6.53,-8.30,-2.99
-7.32,-8.85,-3.91
-7.39,-10.31,-4.46
-6.65,-13.55,-4.82
-5.13,-16.66,-5.31
-3.72,-19.47,-6.04
-2.08,-21.67,-6.71
0.31,-22.03,-7.63
2.75,-21.73,-7.51
3.97,-22.71,-8.36
2.81,-23.25,-10.25
1.04,-25.27,-10.19
-0.31,-27.95,-8.18
-0.55,-30.21,-8.54
0.37,-31.01,-9.83
1.28,-29.24,-9.64
1.34,-29.36,-8.97
0.31,-31.19,-7.93
-4.46,-30.70,-6.96
-8.48,-36.07,-6.96
-9.52,-43.76,-7.02
-7.14,-43.64,-6.71
-2.87,-38.76,-7.20
3.97,-36.87,-9.03
10.56,-35.52,-10.74
12.76,-34.12,-12.45
9.64,-36.62,-13.06
2.08,-44.31,-13.00
-3.17,-52.98,-11.54
-4.15,-57.43,-10.38
-3.42,-53.83,-12.63
-0.55,-46.94,-13.24
4.88,-44.25,-11.41
9.64,-42.97,-12.57
9.52,-38.82,-15.14
5.19,-40.41,-15.81
1.28,-50.17,-14.95
-1.89,-53.34,-14.47
-3.60,-51.94,-13.92
-2.99,-51.94,-12.27
1.16,-49.68,-10.99
5.98,-45.04,-11.66
10.38,-42.48,-12.88
12.27,-42.36,-13.61
10.07,-42.97,-15.32
5.98,-47.36,-14.95
0.85,-50.11,-12.63
-2.99,-48.40,-11.17
-2.56,-45.96,-9.89
0.85,-44.31,-8.42
3.48,-42.91,-9.34
3.05,-41.56,-9.16
3.30,-44.31,-6.59
5.00,-43.09,-4.76
8.42,-36.38,-6.35
13.31,-35.03,-9.22
17.58,-37.96,-10.99
15.75,-35.52,-12.45
8.61,-34.42,-11.84
-0.43,-40.53,-8.79
-5.62,-52.92,-6.59
-6.47,-60.61,-8.18
-7.02,-55.36,-10.62
-7.20,-50.78,-12.27
-6.90,-51.03,-14.16
-7.39,-50.05,-15.44
-10.86,-46.08,-17.40
-16.36,-44.92,-19.23
-20.45,-47.61,-15.69
-23.93,-50.05,-14.53
-21.12,-56.03,-15.63
-15.56,-56.82,-10.44
-13.49,-52.49,-7.32
-13.67,-52.61,-8.61
-13.37,-52.67,-6.84
-12.51,-48.03,-5.43
-9.28,-44.07,-7.08
-3.11,-41.38,-8.18
1.46,-36.80,-7.93
4.09,-32.35,-10.56
5.74,-28.26,-11.72
4.70,-24.60,-9.46
2.50,-24.11,-7.08
1.59,-23.86,-4.76
2.50,-19.23,-2.69
5.37,-14.89,-1.83
8.30,-10.50,-2.20
8.73,-7.26,-1.53
7.75,-4.33,-2.56
6.59,-1.16,-1.34
6.10,0.43,1.65
5.31,3.36,2.62
4.82,8.24,3.17
4.82,14.34,3.85
5.92,18.92,5.49
6.41,19.10,7.39
5.86,18.68,8.06
5.00,21.85,9.34
4.58,24.35,11.66
3.78,26.86,11.60
2.99,30.40,11.11
2.26,33.81,12.70
0.79,35.89,13.37
-0.18,36.93,12.33
-0.31,37.90,12.51
0.37,39.61,13.00
0.61,40.34,12.63
1.40,40.71,12.70
2.26,41.69,13.06
3.54,42.30,12.33
4.52,43.03,12.70
4.15,45.47,13.12
3.36,48.77,12.57
1.59,51.09,13.67
-0.55,52.25,14.95
-3.17,53.83,16.24
-7.14,55.30,17.94
-11.47,53.77,18.92
-15.99,52.80,20.14
-18.13,53.65,20.94
-16.78,55.24,20.69
-14.95,56.82,20.20
-15.32,58.35,19.53
-15.14,58.59,20.69
-13.37,58.59,21.67
-12.51,58.59,20.08
-11.54,57.68,18.01
-8.42,56.03,17.52
-5.92,54.57,16.36
-4.58,54.20,15.56
-4.70,54.81,15.14
-6.23,55.30,13.43
-7.26,56.70,13.37
-9.16,58.35,15.56
-10.68,57.62,16.05
-11.17,54.93,15.63
-8.00,51.03,17.46
-0.79,47.24,19.65
8.67,46.39,18.92
16.05,50.72,15.63
19.35,56.03,15.26
21.48,56.70,14.89
22.40,55.24,14.28
21.55,54.93,13.31
18.68,52.49,11.29
16.66,48.40,12.33
14.10,45.47,13.92
12.57,44.62,13.43
13.00,45.29,12.33
13.43,47.18,10.86
13.73,47.61,9.95
13.31,46.75,10.01
11.47,44.92,10.68
8.42,42.97,10.62
3.17,42.05,11.47
-3.11,40.04,13.06
-7.02,37.48,13.73
-9.03,37.11,14.95
-9.46,37.17,14.59
-8.91,36.50,12.94
-6.53,35.22,12.51
-4.52,33.33,10.31
-3.36,31.92,7.39
-1.53,31.19,6.04
2.08,29.17,4.94
6.71,25.45,3.11
9.52,23.50,2.87
10.07,22.28,2.56
9.77,19.53,2.56
11.23,15.87,1.95
13.00,12.88,1.16
13.00,11.35,1.71
12.39,6.47,0.18
6.29,3.54,-0.55
2.08,5.00,-1.89
-0.49,6.16,-0.98
-1.83,5.49,-1.22
-3.23,4.70,-3.54
-3.23,4.39,-4.09
-2.93,4.03,-3.72
-3.11,2.26,-3.30
-4.03,0.00,-2.99
-5.07,-3.05,-3.05
-8.48,-6.84,-2.69
-11.11,-10.13,-2.44
-11.23,-11.35,-2.38
-9.52,-10.99,-3.36
-6.23,-11.96,-5.55
-2.44,-14.89,-8.12
1.59,-15.50,-10.38
5.19,-17.03,-11.96
5.98,-20.39,-13.06
3.05,-23.44,-14.59
-0.31,-25.63,-14.53
-2.20,-27.22,-13.18
-3.30,-27.83,-11.60
-4.58,-29.79,-11.66
-5.68,-34.24,-12.82
-5.86,-39.25,-12.02
-7.14,-43.46,-11.60
-6.96,-45.41,-14.59
-4.09,-41.02,-16.36
1.28,-35.34,-15.93
7.26,-34.36,-15.93
10.62,-36.38,-17.09
11.78,-36.87,-16.97
11.05,-37.90,-15.69
7.57,-42.48,-15.32
2.32,-48.46,-15.32
-1.46,-50.48,-12.33
-1.16,-48.40,-9.34
3.30,-42.79,-8.18
10.62,-36.01,-9.46
17.58,-32.23,-12.21
20.81,-32.96,-12.70
20.08,-38.33,-11.90
15.81,-44.49,-12.15
10.44,-47.30,-13.24
5.55,-44.43,-10.25
3.30,-42.66,-10.01
3.60,-42.18,-14.16
5.25,-43.15,-15.56
5.98,-43.33,-14.71
4.82,-43.88,-16.05
3.60,-46.94,-18.80
4.70,-48.03,-19.17
7.75,-45.10,-18.13
12.33,-44.49,-18.31
18.49,-43.46,-18.19
22.34,-40.47,-18.68
21.00,-39.98,-18.98
16.36,-41.38,-17.64
10.99,-44.86,-16.17
6.84,-49.93,-15.14
2.87,-52.25,-13.92
-2.93,-49.62,-13.73
-6.35,-49.80,-12.82
-5.68,-49.19,-10.38
-3.42,-43.88,-9.77
0.98,-40.47,-11.29
6.77,-38.02,-12.33
12.39,-38.51,-11.84
14.40,-42.11,-12.21
12.33,-42.66,-15.14
9.89,-40.59,-13.98
8.79,-42.60,-12.21
6.29,-43.40,-14.59
3.48,-42.72,-14.77
4.46,-42.66,-11.66
6.47,-39.31,-10.25
6.84,-37.60,-12.63
7.08,-40.28,-15.01
8.24,-39.37,-13.98
10.25,-34.48,-11.23
11.66,-33.75,-11.54
11.60,-34.85,-12.57
10.01,-34.73,-11.11
8.18,-36.93,-9.40
6.16,-36.19,-8.48
4.15,-30.88,-8.24
1.46,-27.10,-7.45
-0.18,-27.34,-6.47
0.79,-29.11,-5.43
3.72,-29.05,-4.94
7.87,-28.14,-3.66
10.80,-26.25,-2.50
13.37,-21.85,-2.26
14.59,-15.81,-1.10
12.88,-13.98,-1.04
9.83,-15.93,-0.12
7.39,-16.36,3.42
6.41,-13.37,4.52
7.20,-7.51,2.14
9.52,-1.28,-0.18
10.86,3.17,-1.77
10.50,4.82,-2.87
8.67,5.80,-1.71
5.37,5.98,1.16
2.20,5.98,4.64
0.98,8.00,6.65
0.79,12.21,7.14
1.04,16.11,8.30
1.10,20.57,10.44
-0.18,24.96,11.47
-1.77,25.82,12.02
-3.05,26.25,12.27
-4.39,27.34,13.73
-5.25,27.28,15.44
-7.20,29.05,15.14
-8.91,30.27,15.75
-8.54,29.66,16.48
-8.54,32.17,16.54
-9.58,36.99,17.21
-10.93,39.25,17.64
-12.21,39.12,18.68
-12.88,39.06,21.06
-12.94,39.73,21.73
-13.61,42.24,21.73
-14.65,43.76,23.38
-15.75,44.62,25.33
-16.48,45.17,26.49
-17.46,45.04,28.08
-18.55,45.04,30.40
-20.69,44.98,31.37
-22.95,45.04,30.21
-22.71,46.57,30.40
-21.18,47.73,30.03
-19.65,46.88,27.65
-16.30,45.41,26.00
-13.43,44.86,25.09
-11.66,44.86,23.62
-10.01,44.56,20.63
-9.16,45.17,17.70
-10.50,44.49,16.17
-12.94,42.48,15.14
-15.08,41.63,14.95
-17.27,40.65,15.38
-17.58,40.22,16.48
-16.54,41.08,16.54
-15.38,41.93,15.14
-12.94,39.61,14.65
-8.42,37.66,15.81
-4.33,38.76,14.95
-4.21,38.51,11.84
-5.25,36.25,10.38
-7.87,36.93,12.02
-10.31,38.70,11.96
-11.17,38.64,11.84
-9.58,38.21,12.51
-7.81,40.10,11.54
-5.13,40.28,10.80
-3.23,37.23,10.31
-2.44,34.61,10.56
-0.61,33.20,12.57
1.34,32.35,13.49
1.95,30.58,11.54
2.75,30.40,8.36
4.27,31.25,7.02
4.64,30.27,7.75
3.54,32.10,7.14
2.44,30.21,5.98
1.83,26.98,6.77
0.73,26.00,8.12
1.10,23.68,8.24
1.89,25.63,8.36
2.44,28.69,6.71
3.60,26.49,5.80
5.80,23.68,7.02
8.91,23.07,7.26
10.80,23.07,6.41
11.29,21.91,5.62
11.96,21.55,6.10
11.54,21.12,5.92
9.77,18.98,5.55
8.00,17.82,7.75
4.27,18.07,9.28
-0.31,16.36,8.06
-2.99,12.76,7.87
-5.31,9.64,8.30
-7.39,8.54,5.86
-8.67,6.59,3.78
-9.40,4.39,4.15
-9.64,2.56,2.99
-8.79,1.95,0.49
-7.69,1.89,-0.92
-5.31,-0.24,-2.20
-2.75,-1.46,-3.60
-0.85,-0.12,-3.72
-0.18,0.06,-3.54
0.18,-3.23,-3.48
0.12,-5.25,-4.33
-0.31,-5.37,-3.78
-2.69,-7.93,-2.93
-5.25,-11.90,-4.09
-4.94,-13.18,-4.33
-2.93,-13.98,-3.97
-0.43,-15.14,-4.94
1.95,-15.81,-5.62
3.05,-17.52,-5.80
1.65,-18.68,-7.08
-0.18,-21.55,-8.36
-1.16,-24.35,-8.73
-1.89,-27.83,-8.97
-1.89,-31.01,-9.40
-1.83,-30.09,-10.44
-1.22,-29.91,-10.74
-0.12,-32.29,-10.01
0.43,-34.97,-10.13
0.12,-36.68,-11.47
0.31,-37.41,-12.33
0.79,-37.23,-11.90
2.08,-36.25,-11.17
4.21,-37.11,-12.88
6.41,-37.66,-15.63
8.42,-38.21,-16.36
9.83,-38.21,-16.72
9.89,-39.25,-17.46
9.22,-41.87,-17.76
7.87,-44.37,-17.33
6.90,-46.39,-17.15
5.43,-45.10,-17.82
4.94,-44.74,-18.13
1.65,-44.13,-17.76
-2.38,-40.95,-15.99
-5.31,-44.80,-16.60
-7.20,-47.42,-16.78
-7.32,-48.95,-15.44
-6.10,-48.16,-15.50
-4.88,-47.18,-15.87
-3.66,-48.40,-13.79
-2.50,-45.41,-11.60
-3.97,-41.63,-11.60
-6.23,-43.82,-11.90
-6.65,-48.34,-12.39
-5.13,-44.80,-11.96
-2.69,-38.21,-13.06
1.59,-36.38,-14.65
6.71,-36.38,-15.38
8.73,-37.17,-15.08
5.62,-38.88,-13.98
-1.40,-42.36,-10.86
-7.93,-47.79,-5.80
-10.62,-51.45,-2.20
-10.74,-46.63,-0.18
-8.73,-40.47,0.92
-4.88,-34.61,-1.53
-2.62,-27.83,-6.90
-1.53,-30.70,-11.17
-3.97,-39.73,-14.53
-9.58,-45.96,-14.71
-14.47,-50.05,-11.66
-14.10,-48.95,-10.56
-10.38,-43.70,-12.57
-3.30,-39.43,-14.71
3.97,-33.69,-14.16
8.36,-28.44,-16.54
8.91,-27.16,-18.43
6.23,-29.11,-16.91
2.44,-32.84,-12.94
-0.49,-36.25,-9.40
-1.65,-36.25,-6.41
-4.88,-33.39,-4.94
-9.64,-30.58,-3.48
-11.17,-28.99,-0.73
-8.85,-28.38,-1.16
-4.03,-28.50,-5.07
1.89,-31.01,-9.28
5.25,-32.41,-11.29
5.49,-34.42,-10.99
5.13,-39.31,-9.58
5.37,-41.08,-10.01
5.43,-42.30,-10.99
3.78,-42.42,-13.73
0.12,-36.87,-16.60
-1.77,-30.15,-14.47
-1.95,-25.09,-10.19
-0.06,-25.94,-9.95
1.77,-28.26,-9.83
2.01,-26.37,-8.36
0.67,-23.19,-8.00
-0.37,-20.51,-7.51
0.06,-17.76,-5.49
-0.18,-12.70,-5.07
0.49,-6.53,-5.07
2.01,-0.37,-3.42
2.93,3.11,-2.81
3.23,4.09,-3.54
1.95,6.29,-1.59
0.24,8.79,1.10
-0.98,9.83,3.36
-1.65,12.63,3.66
-0.31,18.74,3.91
1.83,23.13,5.68
2.01,24.35,7.02
1.16,24.96,7.87
1.59,26.73,8.97
2.44,29.05,10.93
1.34,30.82,11.11
-0.06,30.58,12.33
-1.46,31.49,14.77
-1.34,33.57,15.38
-0.49,36.74,14.89
1.40,40.04,14.71
3.54,42.79,13.79
5.98,44.43,13.12
8.36,44.37,13.92
9.40,43.64,14.95
10.01,44.07,15.32
13.00,45.23,15.99
15.93,46.81,17.46
15.99,47.61,17.52
13.31,46.81,18.86
9.89,46.69,22.22
6.16,49.13,24.41
1.65,50.60,24.41
-2.87,50.17,23.80
-7.26,50.35,23.56
-9.03,49.38,23.50
-7.75,47.00,23.13
-6.16,47.55,21.67
-3.97,49.26,18.62
-0.61,49.38,15.20
3.54,49.07,13.37
6.53,47.49,13.06
6.16,45.90,12.39
3.36,46.08,11.72
-0.18,47.73,13.12
-4.21,48.46,14.40
-8.06,47.61,15.14
-10.44,47.85,17.40
-12.33,47.42,20.08
-13.43,45.35,20.20
-12.76,45.23,19.90
-10.56,45.72,20.75
-5.55,43.95,20.02
2.44,41.81,18.86
9.22,40.59,18.07
12.51,39.31,15.75
12.51,37.72,15.14
11.84,34.30,16.11
7.45,26.98,16.91
-1.53,19.84,16.24
-8.61,11.54,14.53
-10.07,-1.89,14.34
-8.54,-2.32,15.93
-6.65,15.56,14.53
-3.48,27.71,9.83
-0.31,31.31,8.36
2.08,35.22,7.51
3.54,38.02,7.08
3.60,34.67,6.71
3.48,27.40,5.43
2.87,23.62,3.66
2.69,22.95,1.59
3.23,21.18,0.55
2.50,19.47,1.28
-0.49,21.91,1.77
-3.17,26.00,2.26
-3.60,27.95,4.76
-2.93,29.05,4.52
-1.77,29.60,2.26
0.92,28.69,1.89
4.09,26.49,1.10
5.55,23.62,0.00
6.04,21.00,-0.49
6.77,18.55,0.49
6.53,19.29,0.61
6.59,22.58,0.24
7.69,22.40,0.98
8.42,19.90,0.67
8.12,17.09,-1.10
9.03,13.55,0.73
8.12,11.66,4.21
3.48,12.33,4.94
-2.38,12.88,3.78
-7.08,10.74,4.94
-7.75,7.87,5.25
-7.45,6.47,3.66
-6.96,5.19,3.54
-7.08,4.15,3.17
-7.93,3.30,1.34
-7.20,1.89,-0.61
-5.25,-0.37,-1.53
-3.97,-3.42,-2.08
-4.94,-6.04,-4.27
-5.86,-7.63,-5.86
-5.25,-9.95,-5.80
-2.99,-11.90,-4.88
-1.89,-10.74,-4.88
-1.28,-10.86,-6.77
-0.31,-14.04,-7.87
0.06,-15.56,-7.57
-1.89,-14.28,-8.73
-2.75,-17.70,-10.31
-2.20,-23.25,-10.56
-1.53,-22.58,-9.77
-1.46,-21.06,-8.91
-0.55,-24.41,-10.38
0.06,-25.09,-9.28
-0.43,-23.13,-8.12
-2.56,-24.41,-8.54
-4.94,-29.42,-8.67
-7.26,-32.90,-7.45
-10.07,-36.80,-7.32
-10.01,-42.24,-8.85
-5.62,-42.66,-9.52
1.95,-41.56,-11.17
10.68,-43.95,-14.65
14.59,-45.04,-17.64
12.21,-44.37,-17.40
8.18,-46.14,-16.30
4.64,-49.26,-15.69
1.28,-52.86,-15.01
-2.50,-58.41,-15.56
-4.09,-59.75,-15.38
-3.23,-53.16,-13.92
2.08,-47.18,-12.15
8.91,-44.92,-12.94
12.88,-48.34,-17.03
13.73,-53.41,-19.10
11.41,-52.67,-18.68
8.24,-51.70,-17.88
5.86,-53.47,-16.97
5.07,-49.44,-15.75
2.87,-42.18,-15.93
-1.22,-43.58,-15.99
-5.68,-49.80,-14.10
-7.69,-54.08,-13.85
-5.25,-54.75,-15.63
3.97,-53.77,-16.11
15.44,-49.26,-17.46
23.38,-45.59,-21.06
25.88,-44.13,-22.89
22.64,-42.11,-20.75
15.32,-43.58,-18.25
6.59,-51.45,-16.72
-2.38,-60.49,-13.79
-12.70,-61.46,-12.51
-17.76,-53.16,-11.41
-13.79,-45.78,-8.42
-2.75,-41.75,-8.06
13.61,-39.06,-9.83
25.09,-34.55,-12.70
24.78,-32.41,-16.17
15.87,-35.16,-16.30
7.87,-39.55,-12.39
3.17,-42.85,-8.73
0.79,-46.26,-7.87
-2.87,-47.18,-8.79
-5.13,-41.56,-7.39
-2.26,-33.94,-5.25
4.21,-29.97,-7.69
11.90,-29.91,-12.02
17.52,-28.81,-11.96
17.03,-27.10,-11.72
13.00,-29.85,-11.17
9.40,-31.49,-10.01
7.45,-28.81,-10.19
5.98,-29.54,-10.19
4.58,-30.21,-9.28
2.93,-27.77,-8.18
2.69,-27.83,-8.54
3.66,-26.61,-8.73
5.74,-23.13,-8.48
7.20,-19.65,-10.38
7.93,-16.05,-10.13
7.57,-13.37,-8.54
6.16,-16.72,-8.97
2.56,-20.69,-8.54
-2.44,-23.25,-5.80
-6.47,-27.65,-4.33
-9.22,-24.90,-2.69
-9.09,-17.58,-3.97
-6.53,-13.85,-4.82
-0.18,-10.50,-5.13
4.09,-7.75,-5.49
7.08,-3.66,-5.55
7.08,-3.54,-7.08
7.75,-2.20,-5.49
8.12,-0.43,-5.37
7.32,-1.71,-4.58
5.00,-2.93,-1.83
2.81,-0.12,0.61
1.95,2.01,2.32
1.59,5.00,2.56
1.16,9.28,3.23
0.79,12.15,5.80
-0.49,15.38,7.14
-1.71,16.60,8.36
-2.81,15.69,10.80
-2.81,16.54,12.15
-0.98,19.29,13.37
0.92,21.18,13.92
0.98,23.07,11.66
0.37,26.18,12.27
-0.24,29.17,14.53
-1.46,28.69,14.34
-2.69,26.37,14.04
-2.56,27.65,16.42
-2.75,32.04,18.55
-3.54,34.42,18.01
-3.78,35.10,18.62
-3.78,38.51,20.81
-4.27,41.87,21.79
-4.39,43.40,22.58
-5.07,44.86,22.71
-6.23,44.98,22.89
-8.48,44.68,23.68
-9.28,45.04,24.11
-8.12,46.81,24.78
-6.96,50.29,24.35
-5.49,51.94,23.80
-4.76,52.43,23.74
-5.25,52.61,23.25
-7.02,52.61,22.95
-8.85,51.70,22.58
-8.73,50.42,21.79
-7.63,50.90,21.85
-5.19,51.09,21.73
-4.15,51.09,20.63
-3.42,49.56,19.84
-3.85,47.85,20.20
-6.53,46.02,20.08
-8.36,45.23,19.71
-9.77,46.75,18.31
-10.80,46.63,17.03
-10.86,46.69,17.52
-10.31,47.55,17.64
-9.40,46.02,17.27
-9.34,43.82,17.58
-8.30,44.43,17.15
-4.94,44.86,16.17
-1.10,43.40,15.01
1.65,41.08,13.43
1.34,39.00,11.54
-1.22,37.35,10.80
-3.17,34.30,12.02
-3.42,32.23,12.45
-2.44,31.62,11.84
-0.43,31.07,11.84
0.79,33.14,11.41
1.10,34.67,11.11
1.40,33.08,10.13
3.11,32.53,10.38
2.50,35.46,11.35
2.93,35.89,9.83
5.00,35.28,8.91
7.45,37.66,8.79
11.17,38.64,8.06
15.26,35.64,6.47
17.21,33.39,5.00
15.56,30.76,5.25
9.95,27.47,6.23
4.27,24.54,8.73
-2.62,26.55,11.90
-5.43,29.91,11.23
-3.85,27.59,10.19
-1.89,26.92,10.44
-2.62,28.44,9.52
-3.23,26.25,8.48
-1.95,23.38,10.44
-2.01,22.09,10.86
-3.17,19.29,7.93
-2.69,16.48,7.51
-1.65,16.24,7.81
-0.79,16.30,4.64
0.37,14.77,1.59
1.34,11.72,2.56
0.61,9.70,4.76
-1.46,8.00,4.64
-3.42,4.70,4.33
-4.64,2.93,4.82
-4.58,4.21,4.03
-4.58,5.86,1.59
-5.92,5.98,-0.24
-6.59,-0.06,0.43
-7.51,-5.00,-0.37
-7.20,-7.26,-1.89
-6.04,-8.67,-2.32
-4.82,-10.62,-4.27
-2.81,-11.35,-5.80
-1.65,-9.03,-5.19
-1.34,-7.08,-5.62
-2.93,-7.26,-7.39
-3.72,-10.44,-8.36
-2.69,-14.65,-7.93
-1.28,-16.54,-6.84
0.12,-16.24,-7.26
2.01,-14.34,-9.40
3.66,-14.65,-10.31
4.52,-16.78,-10.13
2.75,-17.88,-10.13
-0.55,-18.55,-10.74
-1.65,-22.46,-11.60
-2.20,-25.09,-11.54
-3.85,-25.63,-10.25
-5.25,-28.20,-9.83
-5.37,-29.24,-9.46
-4.70,-30.15,-7.39
-3.54,-31.01,-7.39
-3.23,-30.40,-8.67
-2.87,-31.25,-10.31
-1.16,-31.80,-13.06
-0.61,-31.43,-14.71
0.73,-33.69,-17.27
1.46,-34.30,-17.33
1.04,-33.39,-16.30
0.00,-34.61,-16.36
-2.26,-36.99,-14.47
-2.56,-40.95,-13.43
0.85,-37.11,-13.98
7.51,-28.20,-14.34
15.56,-25.15,-17.03
21.30,-21.18,-17.70
21.30,-17.21,-18.98
17.70,-18.01,-21.24
12.15,-21.06,-19.47
4.70,-23.99,-17.15
-0.06,-26.98,-14.65
-5.07,-27.71,-11.47
-6.41,-26.43,-9.70
-1.46,-23.50,-6.96
7.57,-21.00,-5.74
15.50,-19.59,-9.16
16.36,-17.15,-12.33
13.79,-16.97,-12.02
10.93,-21.24,-10.38
6.90,-27.40,-10.50
2.87,-29.72,-10.74
-0.12,-25.57,-9.16
-2.38,-20.94,-6.35
-2.20,-23.19,-4.82
-1.16,-25.63,-4.46
-1.89,-24.35,-4.33
-5.25,-24.66,-5.31
-8.67,-25.76,-6.10
-9.22,-24.48,-6.53
-4.94,-24.35,-5.92
2.44,-27.95,-7.51
8.48,-27.59,-7.81
7.87,-28.26,-8.48
4.39,-30.76,-10.19
3.11,-32.96,-9.70
2.99,-32.35,-9.46
3.42,-33.87,-13.67
4.15,-34.61,-16.54
3.48,-35.10,-15.50
5.43,-37.29,-14.95
5.37,-34.97,-15.32
4.76,-34.48,-14.22
3.48,-32.65,-13.18
0.31,-30.46,-13.73
-1.10,-33.26,-13.61
-2.56,-35.52,-13.18
-2.32,-35.28,-14.10
0.49,-37.05,-13.37
4.70,-39.55,-12.39
7.14,-36.56,-13.98
7.02,-35.10,-12.94
6.47,-37.78,-11.72
5.43,-35.46,-12.45
4.64,-33.20,-13.49
5.80,-33.45,-14.83
8.91,-30.70,-17.15
12.15,-28.56,-16.97
11.78,-29.05,-13.55
6.53,-29.72,-12.82
0.98,-33.14,-10.31
-3.36,-36.50,-6.47
-7.75,-35.10,-6.84
-9.58,-32.35,-7.51
-4.58,-29.97,-6.04
3.11,-25.76,-7.39
7.69,-21.79,-11.47
7.51,-21.85,-12.45
5.13,-21.79,-10.74
2.81,-20.26,-9.83
0.00,-19.90,-8.67
-1.77,-18.07,-6.71
-2.20,-16.36,-5.55
-2.08,-15.26,-4.09
-2.44,-13.85,-2.44
-2.99,-11.54,-0.92
-2.75,-8.85,-0.43
-2.32,-6.77,0.73
-1.59,-3.05,1.59
-1.89,0.85,1.89
-2.01,2.50,3.85
-1.34,4.64,6.16
-0.92,7.57,6.65
0.37,8.73,8.12
0.00,10.93,10.19
-2.20,12.88,11.54
-4.33,13.37,13.06
-5.68,15.14,15.20
-5.07,18.01,16.11
-3.85,20.69,15.56
-2.69,22.89,16.30
-2.20,26.49,17.09
-3.42,29.42,16.91
-5.00,30.09,18.07
-7.26,30.27,20.69
-9.83,30.27,22.22
-12.08,31.01,22.28
-13.61,31.86,23.13
-14.28,31.74,23.80
-13.06,31.13,23.68
-12.27,34.06,22.89
-10.99,36.07,21.79
-9.89,37.17,20.63
-9.46,38.45,18.80
-9.52,38.88,16.60
-8.61,37.54,16.78
-6.77,37.48,16.72
-5.74,39.06,15.20
-4.46,40.16,16.42
-3.78,40.89,18.92
-5.07,41.81,18.92
-7.08,42.91,19.41
-9.09,44.13,21.24
-11.66,45.84,21.73
-13.98,46.75,21.30
-15.99,45.84,21.55
-16.54,45.47,21.97
-13.79,45.53,23.50
-9.40,44.25,24.60
-5.13,43.46,23.74
-3.36,44.07,23.07
-3.36,42.42,23.01
-5.80,43.15,23.62
-9.03,44.31,22.64
-11.72,43.76,21.67
-13.79,44.01,22.64
-13.55,43.03,22.95
-10.62,40.77,22.89
-7.75,40.41,22.22
-5.68,40.83,21.12
-3.66,39.55,19.90
-2.14,38.09,19.84
-0.92,36.74,18.74
-1.28,36.62,16.17
-3.36,36.13,14.77
-5.31,35.64,12.63
-5.68,37.11,10.93
-4.27,36.74,9.77
-1.59,35.89,7.51
2.08,35.34,5.98
5.80,31.74,6.84
6.41,27.71,7.81
4.27,27.47,5.68
0.79,27.10,5.92
-1.59,24.84,8.67
-3.11,21.85,10.07
-4.21,21.61,11.66
-5.68,25.15,10.56
-7.51,27.89,8.24
-8.54,26.55,6.77
-8.61,23.93,5.19
-7.45,20.14,2.01
-3.05,14.53,-0.18
3.30,12.70,1.04
7.51,13.06,0.18
9.58,13.12,-4.39
10.31,14.10,-3.54
10.25,16.24,0.00
7.26,16.66,0.24
1.83,15.26,-0.43
-3.54,13.92,0.43
-7.45,14.22,1.34
-8.54,14.16,2.38
-6.29,12.51,2.20
-2.81,10.74,2.32
0.79,11.23,1.46
2.32,11.90,0.61
2.38,7.32,1.40
1.04,2.08,2.50
-1.10,0.24,2.62
-2.69,-0.43,3.23
-2.93,-3.11,4.52
-3.42,-4.39,4.33
-2.44,-2.01,2.69
-1.28,0.85,2.69
-0.55,0.00,3.23
-0.67,-2.01,1.53
-1.04,-3.30,-1.04
-0.92,-5.55,-1.53
-0.73,-8.85,-2.81
-0.06,-11.41,-5.31
1.95,-11.54,-6.41
4.46,-11.84,-6.29
5.80,-12.08,-6.71
6.16,-15.08,-6.71
5.49,-19.35,-6.90
3.60,-19.29,-7.45
0.79,-18.68,-9.70
0.61,-20.94,-10.93
0.18,-21.24,-11.05
0.49,-21.42,-10.80
0.98,-23.38,-9.83
2.44,-24.54,-8.91
3.42,-23.13,-8.12
3.54,-23.56,-8.73
2.69,-26.98,-8.97
0.43,-27.89,-8.97
-2.01,-31.74,-10.44
-2.08,-39.12,-11.47
0.00,-40.22,-10.68
2.75,-37.11,-10.68
4.64,-34.67,-12.88
6.47,-32.53,-15.14
9.58,-31.86,-15.44
11.35,-32.59,-14.83
10.19,-36.01,-16.91
4.88,-42.54,-19.23
-2.44,-52.98,-18.07
-10.01,-61.04,-15.44
-12.02,-62.87,-16.85
-8.91,-60.67,-19.47
-0.85,-55.66,-21.00
9.89,-50.17,-23.13
16.78,-47.06,-25.63
14.40,-49.01,-25.39
7.39,-48.95,-25.51
2.69,-47.00,-25.27
0.12,-49.26,-22.52
-2.44,-52.67,-20.69
-4.39,-52.49,-17.76
-5.86,-50.78,-17.21
-4.88,-50.48,-18.13
-2.56,-50.42,-16.30
1.10,-47.42,-15.26
4.76,-43.21,-17.46
7.81,-40.77,-19.04
9.95,-39.98,-19.04
11.17,-41.08,-18.68
10.50,-42.11,-17.15
7.26,-41.08,-17.03
2.44,-38.15,-17.58
-1.46,-36.87,-17.27
-2.81,-38.39,-16.66
-1.16,-40.65,-17.15
2.81,-39.55,-18.55
7.26,-37.84,-18.25
9.89,-36.62,-16.85
10.19,-33.45,-15.38
9.95,-29.91,-13.67
9.70,-30.64,-13.73
7.39,-35.22,-14.16
2.32,-37.96,-14.65
-1.59,-41.20,-14.16
-2.56,-41.02,-12.51
0.61,-36.68,-12.63
6.90,-33.02,-14.34
12.27,-31.07,-14.47
13.06,-30.33,-13.00
8.97,-30.09,-10.13
4.15,-32.41,-6.90
0.98,-33.69,-4.88
-0.73,-35.40,-3.05
-0.37,-38.57,-1.10
1.77,-37.84,0.67
3.30,-35.83,-2.14
5.37,-33.81,-7.02
7.32,-31.62,-9.03
7.75,-29.79,-9.70
7.20,-28.26,-12.51
6.71,-25.57,-13.43
6.35,-23.44,-12.70
5.98,-24.48,-11.05
5.80,-26.73,-9.70
4.76,-25.39,-8.42
4.64,-23.50,-7.14
5.43,-20.94,-5.43
7.26,-16.42,-2.56
7.51,-10.56,-2.20
7.51,-6.35,-3.91
6.65,-3.97,-3.91
5.49,-5.80,-2.56
4.03,-7.93,-3.54
3.23,-8.36,-4.52
4.82,-7.51,-1.95
6.16,-3.30,0.92
7.08,0.92,0.98
6.53,3.30,1.83
4.46,4.03,3.85
2.26,4.27,4.58
0.12,5.31,6.04
-0.06,7.87,7.39
0.43,11.11,7.63
0.92,13.98,7.81
0.98,16.30,9.64
0.49,17.64,10.50
-1.22,19.90,10.50
-2.50,23.13,12.33
-2.62,23.80,14.16
-2.69,24.90,13.31
-3.54,27.34,12.82
-3.97,27.22,13.43
-5.00,26.31,15.01
-5.92,27.04,17.09
-6.71,27.40,18.98
-7.75,28.63,18.74
-7.63,33.26,18.92
-7.57,35.89,20.26
-8.48,35.77,20.08
-9.22,36.62,20.14
-9.64,38.09,21.67
-8.73,39.06,22.22
-8.24,41.32,22.40
-7.81,42.54,23.01
-7.51,41.87,24.84
-8.30,41.26,26.49
-10.13,41.63,26.25
-10.68,42.54,25.33
-9.95,45.23,24.72
-7.45,45.96,23.74
-4.39,43.03,21.91
-0.85,39.79,22.16
2.32,39.98,23.44
4.09,42.54,22.95
3.91,46.14,22.64
3.60,48.46,23.50
0.79,47.79,25.82
-4.70,45.72,26.73
-9.09,44.49,26.12
-12.94,46.94,26.92
-15.75,48.34,27.47
-15.56,49.01,26.25
-11.54,48.58,25.27
-3.72,46.02,25.15
3.48,44.74,23.74
7.75,44.56,21.55
9.28,44.92,21.55
9.34,44.98,22.71
8.30,44.07,22.28
7.02,40.04,21.18
5.92,38.51,20.32
4.09,42.48,19.41
0.79,43.03,19.78
-4.64,40.59,20.94
-9.03,39.49,21.91
-12.76,39.55,23.13
-14.89,39.55,23.80
-14.77,38.02,23.50
-13.98,37.60,21.91
-13.12,37.23,19.71
-9.70,36.80,17.94
-5.07,37.96,16.66
-0.24,37.78,13.73
2.87,34.18,11.05
3.48,32.65,11.11
2.87,32.59,12.33
2.26,30.94,13.00
2.08,32.23,13.85
-0.55,35.22,14.83
-5.92,35.10,14.16
-11.78,32.17,13.37
-15.01,28.81,15.81
-15.01,27.22,16.42
-13.12,26.18,11.90
-10.68,25.33,7.75
-9.70,25.45,8.73
-9.58,24.78,8.85
-9.52,25.33,8.73
-9.28,26.37,9.89
-8.79,22.71,9.28
-7.69,18.80,9.03
-6.47,17.76,8.73
-5.00,15.50,6.96
-3.48,12.82,4.88
-2.87,13.79,4.27
-2.75,13.37,5.07
-2.93,10.01,3.91
-3.30,7.75,1.95
-4.82,6.77,0.79
-5.55,5.13,-0.12
-5.19,4.15,-0.67
-2.62,1.95,-0.12
0.24,-0.85,0.92
0.67,-0.12,1.28
-0.79,-0.24,1.16
-1.53,-3.91,0.55
-1.53,-6.35,-0.55
-2.26,-6.65,-3.05
-3.36,-9.09,-4.27
-2.69,-13.79,-4.09
-0.06,-15.32,-3.72
1.46,-13.61,-5.07
1.71,-14.65,-6.59
0.92,-17.70,-7.39
-0.12,-19.10,-8.30
-0.18,-20.63,-8.48
-0.12,-24.48,-8.54
1.04,-27.59,-9.52
2.26,-26.73,-10.68
2.93,-25.70,-11.17
3.17,-26.55,-11.35
1.53,-27.34,-12.63
-0.37,-28.87,-13.85
-2.44,-31.43,-13.24
-3.97,-36.32,-13.00
-2.75,-39.92,-14.22
-0.98,-38.70,-13.73
1.53,-36.44,-13.12
4.15,-34.48,-14.71
6.90,-34.85,-15.87
7.32,-35.46,-15.63
5.62,-37.66,-16.17
2.01,-40.41,-17.21
-3.36,-40.89,-17.64
-9.28,-41.93,-16.24
-13.61,-46.20,-14.53
-14.59,-49.44,-14.89
-11.41,-49.32,-15.26
-2.99,-46.33,-14.22
7.69,-43.09,-14.65
14.40,-41.75,-18.68
12.57,-40.65,-23.93
7.14,-43.52,-25.02
2.26,-48.77,-23.74
-1.59,-52.19,-23.13
-8.12,-52.67,-23.80
-14.77,-49.80,-22.83
-15.99,-46.51,-18.37
-12.21,-44.86,-12.70
-7.08,-44.07,-11.17
-6.10,-41.26,-13.67
-3.78,-36.50,-14.83
-1.16,-39.12,-16.17
5.07,-40.65,-14.53
12.63,-34.97,-14.95
15.50,-33.02,-20.02
13.55,-36.68,-21.79
10.25,-36.01,-18.55
6.65,-33.39,-15.14
0.31,-34.30,-15.81
-8.00,-37.72,-16.85
-13.73,-36.99,-15.20
-18.25,-36.74,-12.08
-17.03,-33.14,-8.54
-9.95,-29.72,-8.24
0.79,-29.17,-10.44
10.31,-26.61,-13.37
13.67,-22.28,-17.64
11.23,-21.18,-20.14
5.80,-24.11,-18.74
1.46,-28.93,-16.97
-0.06,-34.67,-15.32
-0.55,-37.90,-13.98
-1.22,-34.85,-13.79
0.55,-31.74,-13.67
4.21,-33.33,-13.24
6.53,-34.73,-12.82
5.25,-33.57,-13.37
1.71,-30.15,-12.88
-1.77,-27.22,-11.05
-1.89,-28.63,-11.05
-1.46,-32.47,-10.93
-2.01,-30.15,-10.25
0.12,-27.04,-11.35
3.60,-27.53,-10.44
6.96,-25.82,-8.79
7.32,-22.22,-8.06
6.29,-18.62,-9.95
5.31,-15.99,-11.90
5.37,-16.17,-12.51
7.02,-16.97,-11.41
7.39,-16.78,-10.19
7.20,-18.62,-8.79
7.14,-20.69,-7.32
